predecessor,successor
A0001,A0002
A0002,A0003
A0003,A0004
A0004,A0005
A0005,A0006
A0006,A0007
A0007,A0008
A0008,A0009
A0009,A0010
A0010,A0011
A0011,A0012
A0012,A0013
A0013,A0014
A0014,A0015
A0015,A0016
A0016,A0017
A0017,A0018
A0018,A0019
A0019,A0020
A0020,A0021
A0021,A0022
A0022,A0023
A0023,A0024
A0024,A0025
A0025,A0026
A0026,A0027
A0027,A0028
A0028,A0029
A0029,A0030
A0030,A0031
A0031,A0032
A0032,A0033
A0033,A0034
A0034,A0035
A0035,A0036
A0036,A0037
A0037,A0038
A0038,A0039
A0039,A0040
A0040,A0041
A0041,A0042
A0042,A0043
A0043,A0044
A0044,A0045
A0045,A0046
A0046,A0047
A0047,A0048
A0048,A0049
A0049,A0050
A0050,A0051
A0051,A0052
A0052,A0053
A0053,A0054
A0054,A0055
A0055,A0056
A0056,A0057
A0057,A0058
A0058,A0059
A0059,A0060
A0060,A0061
A0061,A0062
A0062,A0063
A0063,A0064
A0064,A0065
A0065,A0066
A0066,A0067
A0067,A0068
A0068,A0069
A0069,A0070
A0070,A0071
A0071,A0072
A0072,A0073
A0073,A0074
A0074,A0075
A0075,A0076
A0076,A0077
A0077,A0078
A0078,A0079
A0079,A0080
A0080,A0081
A0081,A0082
A0082,A0083
A0083,A0084
A0084,A0085
A0085,A0086
A0086,A0087
A0087,A0088
A0088,A0089
A0089,A0090
A0090,A0091
A0091,A0092
A0092,A0093
A0093,A0094
A0094,A0095
A0095,A0096
A0096,A0097
A0097,A0098
A0098,A0099
A0099,A0100
A0100,A0101
A0101,A0102
A0102,A0103
A0103,A0104
A0104,A0105
A0105,A0106
A0106,A0107
A0107,A0108
A0108,A0109
A0109,A0110
A0110,A0111
A0111,A0112
A0112,A0113
A0113,A0114
A0114,A0115
A0115,A0116
A0116,A0117
A0117,A0118
A0118,A0119
A0119,A0120
A0120,A0121
A0121,A0122
A0122,A0123
A0123,A0124
A0124,A0125
A0125,A0126
A0126,A0127
A0127,A0128
A0128,A0129
A0129,A0130
A0130,A0131
A0131,A0132
A0132,A0133
A0133,A0134
A0134,A0135
A0135,A0136
A0136,A0137
A0137,A0138
A0138,A0139
A0139,A0140
A0140,A0141
A0141,A0142
A0142,A0143
A0143,A0144
A0144,A0145
A0145,A0146
A0146,A0147
A0147,A0148
A0148,A0149
A0149,A0150
A0150,A0151
A0151,A0152
A0152,A0153
A0153,A0154
A0154,A0155
A0155,A0156
A0156,A0157
A0157,A0158
A0158,A0159
A0159,A0160
A0160,A0161
A0161,A0162
A0162,A0163
A0163,A0164
A0164,A0165
A0165,A0166
A0166,A0167
A0167,A0168
A0168,A0169
A0169,A0170
A0170,A0171
A0171,A0172
A0172,A0173
A0173,A0174
A0174,A0175
A0175,A0176
A0176,A0177
A0177,A0178
A0178,A0179
A0179,A0180
A0180,A0181
A0181,A0182
A0182,A0183
A0183,A0184
A0184,A0185
A0185,A0186
A0186,A0187
A0187,A0188
A0188,A0189
A0189,A0190
A0190,A0191
A0191,A0192
A0192,A0193
A0193,A0194
A0194,A0195
A0195,A0196
A0196,A0197
A0197,A0198
A0198,A0199
A0199,A0200
A0200,A0201
A0201,A0202
A0202,A0203
A0203,A0204
A0204,A0205
A0205,A0206
A0206,A0207
A0207,A0208
A0208,A0209
A0209,A0210
A0210,A0211
A0211,A0212
A0212,A0213
A0213,A0214
A0214,A0215
A0215,A0216
A0216,A0217
A0217,A0218
A0218,A0219
A0219,A0220
A0220,A0221
A0221,A0222
A0222,A0223
A0223,A0224
A0224,A0225
A0225,A0226
A0226,A0227
A0227,A0228
A0228,A0229
A0229,A0230
A0230,A0231
A0231,A0232
A0232,A0233
A0233,A0234
A0234,A0235
A0235,A0236
A0236,A0237
A0237,A0238
A0238,A0239
A0239,A0240
A0240,A0241
A0241,A0242
A0242,A0243
A0243,A0244
A0244,A0245
A0245,A0246
A0246,A0247
A0247,A0248
A0248,A0249
A0249,A0250
A0250,A0251
A0251,A0252
A0252,A0253
A0253,A0254
A0254,A0255
A0255,A0256
A0256,A0257
A0257,A0258
A0258,A0259
A0259,A0260
A0260,A0261
A0261,A0262
A0262,A0263
A0263,A0264
A0264,A0265
A0265,A0266
A0266,A0267
A0267,A0268
A0268,A0269
A0269,A0270
A0270,A0271
A0271,A0272
A0272,A0273
A0273,A0274
A0274,A0275
A0275,A0276
A0276,A0277
A0277,A0278
A0278,A0279
A0279,A0280
A0280,A0281
A0281,A0282
A0282,A0283
A0283,A0284
A0284,A0285
A0285,A0286
A0286,A0287
A0287,A0288
A0288,A0289
A0289,A0290
A0290,A0291
A0291,A0292
A0292,A0293
A0293,A0294
A0294,A0295
A0295,A0296
A0296,A0297
A0297,A0298
A0298,A0299
A0299,A0300
A0300,A0301
A0301,A0302
A0302,A0303
A0303,A0304
A0304,A0305
A0305,A0306
A0306,A0307
A0307,A0308
A0308,A0309
A0309,A0310
A0310,A0311
A0311,A0312
A0312,A0313
A0313,A0314
A0314,A0315
A0315,A0316
A0316,A0317
A0317,A0318
A0318,A0319
A0319,A0320
A0320,A0321
A0321,A0322
A0322,A0323
A0323,A0324
A0324,A0325
A0325,A0326
A0326,A0327
A0327,A0328
A0328,A0329
A0329,A0330
A0330,A0331
A0331,A0332
A0332,A0333
A0333,A0334
A0334,A0335
A0335,A0336
A0336,A0337
A0337,A0338
A0338,A0339
A0339,A0340
A0340,A0341
A0341,A0342
A0342,A0343
A0343,A0344
A0344,A0345
A0345,A0346
A0346,A0347
A0347,A0348
A0348,A0349
A0349,A0350
A0350,A0351
A0351,A0352
A0352,A0353
A0353,A0354
A0354,A0355
A0355,A0356
A0356,A0357
A0357,A0358
A0358,A0359
A0359,A0360
A0360,A0361
A0361,A0362
A0362,A0363
A0363,A0364
A0364,A0365
A0365,A0366
A0366,A0367
A0367,A0368
A0368,A0369
A0369,A0370
A0370,A0371
A0371,A0372
A0372,A0373
A0373,A0374
A0374,A0375
A0375,A0376
A0376,A0377
A0377,A0378
A0378,A0379
A0379,A0380
A0380,A0381
A0381,A0382
A0382,A0383
A0383,A0384
A0384,A0385
A0385,A0386
A0386,A0387
A0387,A0388
A0388,A0389
A0389,A0390
A0390,A0391
A0391,A0392
A0392,A0393
A0393,A0394
A0394,A0395
A0395,A0396
A0396,A0397
A0397,A0398
A0398,A0399
A0399,A0400
A0400,A0401
A0401,A0402
A0402,A0403
A0403,A0404
A0404,A0405
A0405,A0406
A0406,A0407
A0407,A0408
A0408,A0409
A0409,A0410
A0410,A0411
A0411,A0412
A0412,A0413
A0413,A0414
A0414,A0415
A0415,A0416
A0416,A0417
A0417,A0418
A0418,A0419
A0419,A0420
A0420,A0421
A0421,A0422
A0422,A0423
A0423,A0424
A0424,A0425
A0425,A0426
A0426,A0427
A0427,A0428
A0428,A0429
A0429,A0430
A0430,A0431
A0431,A0432
A0432,A0433
A0433,A0434
A0434,A0435
A0435,A0436
A0436,A0437
A0437,A0438
A0438,A0439
A0439,A0440
A0440,A0441
A0441,A0442
A0442,A0443
A0443,A0444
A0444,A0445
A0445,A0446
A0446,A0447
A0447,A0448
A0448,A0449
A0449,A0450
A0450,A0451
A0451,A0452
A0452,A0453
A0453,A0454
A0454,A0455
A0455,A0456
A0456,A0457
A0457,A0458
A0458,A0459
A0459,A0460
A0460,A0461
A0461,A0462
A0462,A0463
A0463,A0464
A0464,A0465
A0465,A0466
A0466,A0467
A0467,A0468
A0468,A0469
A0469,A0470
A0470,A0471
A0471,A0472
A0472,A0473
A0473,A0474
A0474,A0475
A0475,A0476
A0476,A0477
A0477,A0478
A0478,A0479
A0479,A0480
A0480,A0481
A0481,A0482
A0482,A0483
A0483,A0484
A0484,A0485
A0485,A0486
A0486,A0487
A0487,A0488
A0488,A0489
A0489,A0490
A0490,A0491
A0491,A0492
A0492,A0493
A0493,A0494
A0494,A0495
A0495,A0496
A0496,A0497
A0497,A0498
A0498,A0499
A0499,A0500
A0500,A0501
A0501,A0502
A0502,A0503
A0503,A0504
A0504,A0505
A0505,A0506
A0506,A0507
A0507,A0508
A0508,A0509
A0509,A0510
A0510,A0511
A0511,A0512
A0512,A0513
A0513,A0514
A0514,A0515
A0515,A0516
A0516,A0517
A0517,A0518
A0518,A0519
A0519,A0520
A0520,A0521
A0521,A0522
A0522,A0523
A0523,A0524
A0524,A0525
A0525,A0526
A0526,A0527
A0527,A0528
A0528,A0529
A0529,A0530
A0530,A0531
A0531,A0532
A0532,A0533
A0533,A0534
A0534,A0535
A0535,A0536
A0536,A0537
A0537,A0538
A0538,A0539
A0539,A0540
A0540,A0541
A0541,A0542
A0542,A0543
A0543,A0544
A0544,A0545
A0545,A0546
A0546,A0547
A0547,A0548
A0548,A0549
A0549,A0550
A0550,A0551
A0551,A0552
A0552,A0553
A0553,A0554
A0554,A0555
A0555,A0556
A0556,A0557
A0557,A0558
A0558,A0559
A0559,A0560
A0560,A0561
A0561,A0562
A0562,A0563
A0563,A0564
A0564,A0565
A0565,A0566
A0566,A0567
A0567,A0568
A0568,A0569
A0569,A0570
A0570,A0571
A0571,A0572
A0572,A0573
A0573,A0574
A0574,A0575
A0575,A0576
A0576,A0577
A0577,A0578
A0578,A0579
A0579,A0580
A0580,A0581
A0581,A0582
A0582,A0583
A0583,A0584
A0584,A0585
A0585,A0586
A0586,A0587
A0587,A0588
A0588,A0589
A0589,A0590
A0590,A0591
A0591,A0592
A0592,A0593
A0593,A0594
A0594,A0595
A0595,A0596
A0596,A0597
A0597,A0598
A0598,A0599
A0599,A0600
A0600,A0601
A0601,A0602
A0602,A0603
A0603,A0604
A0604,A0605
A0605,A0606
A0606,A0607
A0607,A0608
A0608,A0609
A0609,A0610
A0610,A0611
A0611,A0612
A0612,A0613
A0613,A0614
A0614,A0615
A0615,A0616
A0616,A0617
A0617,A0618
A0618,A0619
A0619,A0620
A0620,A0621
A0621,A0622
A0622,A0623
A0623,A0624
A0624,A0625
A0625,A0626
A0626,A0627
A0627,A0628
A0628,A0629
A0629,A0630
A0630,A0631
A0631,A0632
A0632,A0633
A0633,A0634
A0634,A0635
A0635,A0636
A0636,A0637
A0637,A0638
A0638,A0639
A0639,A0640
A0640,A0641
A0641,A0642
A0642,A0643
A0643,A0644
A0644,A0645
A0645,A0646
A0646,A0647
A0647,A0648
A0648,A0649
A0649,A0650
A0650,A0651
A0651,A0652
A0652,A0653
A0653,A0654
A0654,A0655
A0655,A0656
A0656,A0657
A0657,A0658
A0658,A0659
A0659,A0660
A0660,A0661
A0661,A0662
A0662,A0663
A0663,A0664
A0664,A0665
A0665,A0666
A0666,A0667
A0667,A0668
A0668,A0669
A0669,A0670
A0670,A0671
A0671,A0672
A0672,A0673
A0673,A0674
A0674,A0675
A0675,A0676
A0676,A0677
A0677,A0678
A0678,A0679
A0679,A0680
A0680,A0681
A0681,A0682
A0682,A0683
A0683,A0684
A0684,A0685
A0685,A0686
A0686,A0687
A0687,A0688
A0688,A0689
A0689,A0690
A0690,A0691
A0691,A0692
A0692,A0693
A0693,A0694
A0694,A0695
A0695,A0696
A0696,A0697
A0697,A0698
A0698,A0699
A0699,A0700
A0700,A0701
A0701,A0702
A0702,A0703
A0703,A0704
A0704,A0705
A0705,A0706
A0706,A0707
A0707,A0708
A0708,A0709
A0709,A0710
A0710,A0711
A0711,A0712
A0712,A0713
A0713,A0714
A0714,A0715
A0715,A0716
A0716,A0717
A0717,A0718
A0718,A0719
A0719,A0720
A0303,A0320
A0567,A0610
A0374,A0407
A0392,A0422
A0133,A0151
A0024,A0065
A0484,A0502
A0676,A0720
A0295,A0298
A0084,A0101
A0325,A0333
A0454,A0490
A0041,A0081
A0049,A0064
A0338,A0377
A0632,A0638
A0595,A0610
A0156,A0200
A0483,A0501
A0367,A0376
A0547,A0560
A0453,A0464
A0101,A0123
A0609,A0649
A0339,A0383
A0515,A0544
A0318,A0320
A0545,A0584
A0536,A0538
A0184,A0217
A0586,A0593
A0596,A0634
A0059,A0090
A0109,A0113
A0476,A0500
A0651,A0695
A0321,A0338
A0192,A0198
A0518,A0554
A0699,A0715
A0280,A0317
A0671,A0711
A0277,A0292
A0586,A0621
A0387,A0405
A0646,A0676
A0476,A0495
A0548,A0577
A0030,A0056
A0005,A0040
A0073,A0094
A0303,A0311
A0191,A0223
A0354,A0389
A0391,A0424
A0507,A0531
A0681,A0685
A0117,A0161
A0398,A0412
A0389,A0413
A0688,A0711
A0105,A0112
A0114,A0118
A0108,A0148
A0098,A0119
A0069,A0077
A0709,A0719
A0711,A0718
A0672,A0684
A0007,A0049
A0716,A0720
A0416,A0453
A0196,A0238
A0498,A0505
A0313,A0353
A0528,A0535
A0669,A0684
A0506,A0544
A0593,A0602
A0461,A0505
A0551,A0567
A0348,A0379
A0474,A0493
A0582,A0611
A0685,A0707
A0486,A0507
A0361,A0381
A0464,A0496
A0446,A0467
A0499,A0528
A0397,A0400
A0444,A0457
A0261,A0291
A0195,A0206
A0380,A0411
A0111,A0118
A0295,A0297
A0594,A0603
A0508,A0511
A0480,A0492
A0350,A0356
A0188,A0208
A0302,A0313
A0635,A0638
A0429,A0442
A0294,A0304
A0039,A0079
A0137,A0149
A0718,A0720
A0426,A0466
A0104,A0116
A0713,A0717
A0442,A0463
A0101,A0116
A0304,A0328
A0014,A0029
A0036,A0040
A0460,A0499
A0003,A0026
A0463,A0478
A0135,A0151
A0326,A0334
A0388,A0431
A0321,A0359
A0190,A0231
A0040,A0073
A0299,A0337
A0089,A0109
A0481,A0516
A0270,A0308
A0469,A0494
A0171,A0201
A0208,A0220
A0498,A0532
A0252,A0266
A0154,A0171
A0664,A0690
A0576,A0593
A0429,A0466
A0459,A0492
A0344,A0355
A0593,A0600
A0694,A0719
A0267,A0269
A0645,A0684
A0215,A0255
A0033,A0044
A0053,A0062
A0678,A0701
A0268,A0302
A0286,A0313
A0068,A0096
A0377,A0398
A0398,A0422
A0145,A0179
A0090,A0096
A0172,A0210
A0153,A0192
A0315,A0335
A0471,A0515
A0536,A0572
A0032,A0037
A0616,A0655
A0366,A0405
A0645,A0652
A0463,A0499
A0051,A0073
A0440,A0449
A0276,A0313
A0702,A0712
A0438,A0470
A0349,A0371
A0032,A0075
A0017,A0051
A0601,A0635
A0389,A0428
A0348,A0390
A0647,A0650
A0223,A0230
A0586,A0614
A0665,A0674
A0504,A0547
A0647,A0677
A0403,A0434
A0206,A0237
A0199,A0213
A0181,A0213
A0432,A0475
A0107,A0130
A0090,A0132
A0610,A0623
A0613,A0616
A0066,A0095
A0559,A0581
A0459,A0477
A0439,A0457
A0066,A0103
A0714,A0719
A0405,A0437
A0399,A0431
A0075,A0114
A0217,A0241
A0143,A0160
A0235,A0255
A0544,A0558
A0383,A0420
A0042,A0061
A0215,A0234
A0391,A0432
A0484,A0505
A0629,A0667
A0265,A0268
A0289,A0297
A0324,A0349
A0214,A0234
A0586,A0591
A0071,A0086
A0045,A0081
A0328,A0357
A0383,A0409
A0016,A0032
A0409,A0428
A0474,A0487
A0452,A0459
A0688,A0712
A0290,A0308
A0254,A0289
A0323,A0359
A0464,A0474
A0189,A0226
A0400,A0411
A0106,A0126
A0087,A0094
A0212,A0223
A0025,A0067
A0411,A0420
A0185,A0224
A0506,A0543
A0207,A0241
A0412,A0446
A0608,A0652
A0114,A0156
A0088,A0097
A0147,A0189
A0182,A0217
A0380,A0397
A0087,A0129
A0550,A0589
A0568,A0571
A0341,A0383
A0071,A0073
A0491,A0532
A0590,A0594
A0141,A0160
A0522,A0526
A0715,A0718
A0041,A0054
A0450,A0457
A0050,A0094
A0587,A0618
A0526,A0542
A0443,A0447
A0505,A0540
A0418,A0459
A0245,A0279
A0344,A0350
A0241,A0262
A0706,A0712
A0153,A0169
A0479,A0516
A0222,A0225
A0689,A0720
A0662,A0688
A0382,A0390
A0007,A0033
A0499,A0508
A0357,A0388
A0006,A0018
A0362,A0404
A0087,A0124
A0197,A0211
A0190,A0195
A0491,A0497
A0409,A0450
A0251,A0273
A0320,A0339
A0241,A0263
A0182,A0222
A0452,A0464
A0312,A0351
A0588,A0616
A0128,A0166
A0200,A0233
A0692,A0717
A0074,A0081
A0430,A0473
A0272,A0309
A0699,A0712
A0167,A0200
A0170,A0208
A0655,A0699
A0051,A0070
A0244,A0262
A0025,A0056
A0077,A0114
A0461,A0481
A0070,A0101
A0450,A0487
A0550,A0561
A0427,A0459
A0600,A0626
A0391,A0401
A0681,A0708
A0412,A0422
A0381,A0394
A0070,A0097
A0493,A0505
A0367,A0411
A0208,A0246
A0279,A0323
A0063,A0084
A0037,A0060
A0461,A0495
A0403,A0445
A0487,A0492
A0438,A0441
A0132,A0137
A0312,A0337
A0138,A0158
A0413,A0420
A0563,A0576
A0631,A0634
A0491,A0514
A0079,A0086
A0212,A0253
A0445,A0476
A0090,A0128
A0605,A0641
A0155,A0180
A0234,A0266
A0560,A0592
A0204,A0220
A0336,A0347
A0510,A0514
A0004,A0031
A0270,A0304
A0376,A0420
A0441,A0475
A0373,A0378
A0157,A0174
A0285,A0303
A0005,A0012
A0442,A0476
A0141,A0165
A0053,A0066
A0611,A0630
A0255,A0287
A0361,A0367
A0165,A0185
A0197,A0201
A0313,A0334
A0610,A0632
A0619,A0643
A0294,A0335
A0247,A0260
A0373,A0391
A0687,A0689
A0233,A0250
A0671,A0676
A0124,A0165
A0495,A0526
A0047,A0088
A0567,A0577
A0663,A0697
A0564,A0584
A0003,A0025
A0648,A0690
A0552,A0571
A0039,A0054
A0649,A0669
A0167,A0184
A0436,A0443
A0591,A0618
